source_file,window_start_idx,window_size,label,aggression_score,intensity_score,idle_time_ratio,mean_speed,max_speed,min_speed,speed_std,speed_p10,speed_p90,speed_range,speed_utilization,max_speed_utilization,speed_cv,speed_drop_ratio,speed_rise_ratio,mean_rpm,max_rpm,rpm_std,rpm_utilization,high_rpm_ratio,rpm_cv,mean_throttle,throttle_std,throttle_cv,throttle_changes,max_throttle_delta,throttle_utilization,mean_load,load_std,load_utilization,load_cv
exp2_19drivers_1car_1route.csv,0,300,SLOW,0.53,0.6511,0.2367,32.8136,69.0,0.0,24.1692,0.0,61.6,69.0,0.5127,1.0781,0.7366,1.0,0.8928,1500.9465,3156.0,602.2617,0.6093,0.2843,0.4013,26.8313,6.3915,0.2382,69,32.6,1.0,48.207,24.0008,0.4846,0.4979
exp2_19drivers_1car_1route.csv,150,300,SLOW,0.53,0.6201,0.26,27.9764,69.0,0.0,23.1478,0.0,56.5,69.0,0.4371,1.0781,0.8274,1.0,0.8188,1358.7425,2633.0,519.8178,0.5516,0.1773,0.3826,25.366,5.7628,0.2272,75,15.3,1.0,44.8773,21.3324,0.4511,0.4754
exp2_19drivers_1car_1route.csv,300,300,SLOW,0.53,0.6207,0.1567,28.6554,72.0,0.0,19.4193,0.0,52.0,72.0,0.4477,1.125,0.6777,1.0,0.7222,1457.5552,3364.0,561.4836,0.5917,0.2441,0.3852,26.2513,5.9299,0.2259,94,18.4,1.0,46.2818,23.4925,0.4652,0.5076
exp2_19drivers_1car_1route.csv,450,300,SLOW,0.53,0.651,0.1067,34.8576,72.0,0.0,19.2989,0.0,57.0,72.0,0.5447,1.125,0.5537,1.0,0.7917,1629.4167,3720.0,600.5904,0.6615,0.34,0.3686,27.4819,5.6245,0.2047,97,18.5,1.0,46.8161,23.305,0.4706,0.4978
exp2_19drivers_1car_1route.csv,600,300,NORMAL,0.61,0.6816,0.0733,41.7629,77.0,0.0,19.1663,8.0,61.0,77.0,0.6525,1.2031,0.4589,0.8961,0.7922,1726.0803,3720.0,548.1015,0.7007,0.4047,0.3175,28.3263,5.6184,0.1983,85,25.9,1.0,48.4403,24.1549,0.4869,0.4987
exp2_19drivers_1car_1route.csv,750,300,AGGRESSIVE,0.67,0.6828,0.0567,40.6473,81.0,0.0,19.8044,10.0,62.9,81.0,0.6351,1.2656,0.4872,0.8765,0.7765,1695.7324,2826.0,518.4778,0.6884,0.3946,0.3058,28.6973,5.9507,0.2074,103,25.9,1.0,51.31,26.2642,0.5158,0.5119
exp2_19drivers_1car_1route.csv,900,300,AGGRESSIVE,0.67,0.6556,0.1433,35.6881,81.0,0.0,20.9651,0.0,59.0,81.0,0.5576,1.2656,0.5875,1.0,0.7284,1547.6133,2826.0,543.9796,0.6283,0.2967,0.3515,27.6943,7.0208,0.2535,123,45.1,1.0,49.915,25.8856,0.5018,0.5186
exp2_19drivers_1car_1route.csv,1050,300,NORMAL,0.61,0.6525,0.1733,36.5729,77.0,0.0,23.0015,0.0,63.6,77.0,0.5715,1.2031,0.6289,1.0,0.826,1445.82,2629.0,506.0346,0.587,0.24,0.35,27.1585,7.717,0.2841,113,48.2,1.0,49.7304,24.8854,0.4999,0.5004
exp2_19drivers_1car_1route.csv,1200,300,NORMAL,0.61,0.6441,0.11,35.651,77.0,0.0,20.9837,0.0,64.0,77.0,0.557,1.2031,0.5886,1.0,0.8312,1473.5767,2812.0,529.3774,0.5982,0.2733,0.3592,27.0047,6.9658,0.2579,109,48.2,1.0,47.9701,24.3017,0.4822,0.5066
exp2_19drivers_1car_1route.csv,1350,300,SLOW,0.53,0.6202,0.1133,31.8027,67.0,0.0,18.1276,0.0,52.0,67.0,0.4969,1.0469,0.57,1.0,0.7761,1484.0436,3190.0,556.2267,0.6025,0.2819,0.3748,26.3835,5.7181,0.2167,110,19.6,1.0,43.9421,21.888,0.4417,0.4981
exp2_19drivers_1car_1route.csv,1500,300,SLOW,0.53,0.6171,0.0767,34.2712,67.0,0.0,16.4319,7.0,52.0,67.0,0.5355,1.0469,0.4795,0.8955,0.7761,1463.7416,3190.0,463.0574,0.5942,0.198,0.3164,26.2181,5.1116,0.195,91,15.3,1.0,43.1604,20.1143,0.4339,0.466
exp2_19drivers_1car_1route.csv,1650,300,NORMAL,0.61,0.6215,0.06,37.0881,63.0,0.0,15.8212,12.8,55.0,63.0,0.5795,0.9844,0.4266,0.7968,0.873,1446.1913,2530.0,391.7622,0.5871,0.1678,0.2709,26.062,5.2902,0.203,74,13.7,1.0,43.3602,20.5855,0.4359,0.4748
exp2_19drivers_1car_1route.csv,1800,300,NORMAL,0.61,0.6266,0.0633,37.0168,63.0,0.0,16.4429,12.6,55.0,63.0,0.5784,0.9844,0.4442,0.8,0.873,1465.3805,2704.0,428.5723,0.5949,0.1886,0.2925,26.281,5.2307,0.199,87,13.7,1.0,44.1736,21.1257,0.444,0.4782
exp2_19drivers_1car_1route.csv,1950,300,SLOW,0.53,0.6119,0.0433,33.1627,58.0,0.0,16.5556,7.4,52.6,58.0,0.5182,0.9062,0.4992,0.8724,0.9069,1345.2963,2704.0,455.0642,0.5461,0.138,0.3383,26.1713,5.2283,0.1998,90,15.7,1.0,47.693,20.5133,0.4794,0.4301
exp2_19drivers_1car_1route.csv,2100,300,SLOW,0.53,0.6027,0.1367,30.0272,64.0,0.0,19.8367,0.0,53.0,64.0,0.4692,1.0,0.6606,1.0,0.8281,1191.8087,2752.0,427.4337,0.4838,0.0705,0.3586,25.25,5.4304,0.2151,74,15.7,1.0,48.9411,17.9827,0.492,0.3674
exp2_19drivers_1car_1route.csv,2250,300,SLOW,0.53,0.6035,0.13,31.4082,64.0,0.0,19.2046,0.0,54.0,64.0,0.4908,1.0,0.6115,1.0,0.8438,1206.83,2752.0,423.469,0.4899,0.0567,0.3509,25.2331,5.4498,0.216,85,14.9,1.0,48.3331,17.8703,0.4859,0.3697
exp2_19drivers_1car_1route.csv,2400,300,NORMAL,0.53,0.6047,0.08,30.3552,61.0,0.0,16.4864,2.0,50.0,61.0,0.4743,0.9531,0.5431,0.9672,0.8197,1321.3333,2940.0,494.0379,0.5364,0.1533,0.3739,26.1094,5.864,0.2246,95,38.0,1.0,48.5946,19.9225,0.4885,0.41
exp2_19drivers_1car_1route.csv,2550,300,NORMAL,0.53,0.639,0.1033,32.8333,78.0,0.0,19.9217,0.0,56.0,78.0,0.513,1.2188,0.6068,1.0,0.7179,1512.5867,2940.0,532.8634,0.6141,0.3133,0.3523,27.2431,6.1934,0.2273,96,38.0,1.0,48.0196,22.6363,0.4827,0.4714
exp2_19drivers_1car_1route.csv,2700,300,NORMAL,0.61,0.6557,0.1267,35.8714,78.0,0.0,21.95,0.0,61.0,78.0,0.5605,1.2188,0.6119,1.0,0.7821,1566.1267,2835.0,557.3895,0.6358,0.3567,0.3559,27.445,6.8517,0.2497,111,61.9,1.0,47.4919,23.7603,0.4774,0.5003
exp2_19drivers_1car_1route.csv,2850,300,NORMAL,0.59,0.6598,0.1467,34.6734,98.0,0.0,22.8919,0.0,62.0,98.0,0.5418,1.5312,0.6602,1.0,0.6327,1558.6477,3295.0,613.1017,0.6328,0.3624,0.3934,27.7848,6.8771,0.2475,119,61.9,1.0,49.8247,24.8119,0.5009,0.498
exp2_19drivers_1car_1route.csv,3000,300,NORMAL,0.59,0.6612,0.1633,34.0606,98.0,0.0,22.1346,0.0,58.0,98.0,0.5322,1.5312,0.6499,1.0,0.5918,1590.6734,3295.0,577.7595,0.6458,0.3704,0.3632,28.1114,5.9022,0.21,99,30.2,1.0,50.5881,24.2989,0.5085,0.4803
exp2_19drivers_1car_1route.csv,3150,300,NORMAL,0.59,0.6533,0.1867,34.2761,76.0,0.0,21.8516,0.0,58.0,76.0,0.5356,1.1875,0.6375,1.0,0.7632,1510.5819,2708.0,520.8771,0.6132,0.291,0.3448,28.0776,7.1093,0.2532,86,30.2,1.0,50.9271,24.7964,0.5119,0.4869
exp2_19drivers_1car_1route.csv,3300,300,AGGRESSIVE,0.67,0.6474,0.1667,35.4597,76.0,0.0,21.2783,0.0,57.0,76.0,0.5541,1.1875,0.6001,1.0,0.75,1447.0033,2584.0,456.0288,0.5874,0.19,0.3152,27.7967,7.283,0.262,95,38.5,1.0,50.7678,26.137,0.5103,0.5148
exp2_19drivers_1car_1route.csv,3450,300,NORMAL,0.61,0.6468,0.0967,35.9933,67.0,0.0,17.783,1.6,55.0,67.0,0.5624,1.0469,0.4941,0.9761,0.8209,1582.2375,2873.0,470.5668,0.6423,0.2642,0.2974,27.7837,5.472,0.1969,97,38.5,1.0,47.8572,23.4875,0.4811,0.4908
exp2_19drivers_1car_1route.csv,3600,300,NORMAL,0.61,0.6654,0.1,36.9832,73.0,0.0,19.6167,0.6,59.4,73.0,0.5779,1.1406,0.5304,0.9918,0.8137,1721.0772,2873.0,511.1733,0.6987,0.4161,0.297,28.0793,5.0608,0.1802,85,18.4,1.0,46.3709,19.9798,0.4661,0.4309
exp2_19drivers_1car_1route.csv,3750,300,NORMAL,0.61,0.6777,0.1233,36.8691,77.0,0.0,21.3754,0.0,62.0,77.0,0.5761,1.2031,0.5798,1.0,0.8052,1786.8027,3773.0,603.2007,0.7254,0.495,0.3376,28.0663,5.5825,0.1989,100,18.4,1.0,46.9478,20.8907,0.4719,0.445
exp2_19drivers_1car_1route.csv,3900,300,NORMAL,0.61,0.693,0.1033,39.2651,79.0,0.0,22.0393,0.0,66.0,79.0,0.6135,1.2344,0.5613,1.0,0.8354,1836.2341,3773.0,644.1639,0.7455,0.5786,0.3508,28.3833,6.7014,0.2361,113,26.6,1.0,48.303,24.2634,0.4856,0.5023
exp2_19drivers_1car_1route.csv,4050,300,AGGRESSIVE,0.61,0.6663,0.15,35.3017,79.0,0.0,23.567,0.0,65.0,79.0,0.5516,1.2344,0.6676,1.0,0.8228,1686.1806,3338.0,638.4069,0.6845,0.5017,0.3786,27.0572,6.7368,0.249,91,26.6,1.0,45.0371,23.0526,0.4527,0.5119
exp2_19drivers_1car_1route.csv,4200,300,SLOW,0.53,0.6604,0.1133,32.3571,78.0,0.0,21.0565,0.0,58.0,78.0,0.5056,1.2188,0.6508,1.0,0.7436,1698.3144,3578.0,674.9584,0.6895,0.4849,0.3974,27.5803,6.229,0.2259,104,19.6,1.0,48.0407,24.508,0.4829,0.5102
exp2_19drivers_1car_1route.csv,4350,300,AGGRESSIVE,0.67,0.6914,0.0533,39.5748,78.0,0.0,19.084,12.0,59.0,78.0,0.6184,1.2188,0.4822,0.8462,0.7564,1763.4128,3578.0,609.4074,0.7159,0.4765,0.3456,29.2545,5.7038,0.195,109,19.6,1.0,54.545,25.1106,0.5483,0.4604
exp2_19drivers_1car_1route.csv,4500,300,AGGRESSIVE,0.67,0.6725,0.0767,37.8915,75.0,0.0,19.5273,2.4,58.0,75.0,0.5921,1.1719,0.5153,0.968,0.7733,1606.4615,2967.0,542.7099,0.6522,0.3612,0.3378,28.706,5.4137,0.1886,108,15.7,1.0,54.67,23.4687,0.5496,0.4293
exp2_19drivers_1car_1route.csv,4650,300,AGGRESSIVE,0.67,0.6683,0.0633,35.5439,87.0,0.0,19.7724,5.0,58.5,87.0,0.5554,1.3594,0.5563,0.9425,0.6724,1618.0638,3291.0,594.9717,0.6569,0.3658,0.3677,29.4141,8.3487,0.2838,131,52.2,1.0,54.51,26.4698,0.5479,0.4856
exp2_19drivers_1car_1route.csv,4800,300,AGGRESSIVE,0.67,0.6792,0.0867,39.1224,87.0,0.0,19.9849,6.0,61.0,87.0,0.6113,1.3594,0.5108,0.931,0.7011,1689.0405,3291.0,541.3388,0.6857,0.402,0.3205,29.7074,9.0415,0.3044,133,52.2,1.0,51.6752,27.9287,0.5195,0.5405
exp2_19drivers_1car_1route.csv,4950,300,AGGRESSIVE,0.61,0.6729,0.0833,40.5918,69.0,0.0,18.336,11.3,61.0,69.0,0.6342,1.0781,0.4517,0.8362,0.8841,1670.0369,2642.0,445.0534,0.678,0.3926,0.2665,28.9573,7.8293,0.2704,133,35.3,1.0,49.5668,27.6525,0.4983,0.5579
exp2_19drivers_1car_1route.csv,5100,300,AGGRESSIVE,0.67,0.6554,0.0867,37.3716,69.0,0.0,18.3472,7.5,59.0,69.0,0.5839,1.0781,0.4909,0.8913,0.8551,1575.1104,2751.0,480.6266,0.6394,0.3211,0.3051,28.4625,8.1616,0.2867,129,41.6,1.0,49.9756,26.7181,0.5024,0.5346
exp2_19drivers_1car_1route.csv,5250,300,AGGRESSIVE,0.61,0.6452,0.11,36.5537,68.0,0.0,19.4979,0.0,59.0,68.0,0.5712,1.0625,0.5334,1.0,0.8676,1492.0234,3099.0,497.2951,0.6057,0.2408,0.3333,27.4558,6.9774,0.2541,98,41.6,1.0,48.5457,23.2592,0.488,0.4791
exp2_19drivers_1car_1route.csv,5400,300,NORMAL,0.61,0.6342,0.0633,37.0707,68.0,0.0,16.9627,10.0,56.0,68.0,0.5792,1.0625,0.4576,0.8529,0.8235,1467.5318,3099.0,441.4273,0.5958,0.1739,0.3008,27.0422,5.5033,0.2035,91,38.4,1.0,47.0933,20.5642,0.4734,0.4367
exp2_19drivers_1car_1route.csv,5550,300,AGGRESSIVE,0.61,0.6251,0.08,35.661,60.0,0.0,17.3868,4.0,53.0,60.0,0.5572,0.9375,0.4876,0.9333,0.8833,1421.6409,2682.0,415.1453,0.5771,0.1376,0.292,26.7512,5.7781,0.216,94,38.4,1.0,46.1421,20.0384,0.4638,0.4343
exp2_19drivers_1car_1route.csv,5700,300,AGGRESSIVE,0.61,0.6275,0.0567,36.1769,79.0,0.0,17.514,12.0,55.0,79.0,0.5653,1.2344,0.4841,0.8481,0.6962,1410.1212,2682.0,414.6845,0.5725,0.1313,0.2941,26.8482,6.4769,0.2412,109,37.7,1.0,47.0716,22.6038,0.4732,0.4802
exp2_19drivers_1car_1route.csv,5850,300,SLOW,0.53,0.6227,0.04,34.1419,79.0,0.0,16.5312,12.0,51.0,79.0,0.5335,1.2344,0.4842,0.8481,0.6456,1408.9497,2693.0,437.8877,0.572,0.1409,0.3108,27.0611,6.5899,0.2435,119,38.4,1.0,48.7103,23.2441,0.4896,0.4772
exp2_19drivers_1car_1route.csv,6000,300,SLOW,0.53,0.6256,0.2533,28.6678,76.0,0.0,23.2978,0.0,59.0,76.0,0.4479,1.1875,0.8127,1.0,0.7763,1348.1967,2795.0,542.6216,0.5473,0.22,0.4025,26.0782,6.5824,0.2524,87,38.4,1.0,47.509,20.6925,0.4776,0.4355
exp2_19drivers_1car_1route.csv,6150,300,SLOW,0.53,0.5729,0.5233,17.375,76.0,0.0,23.6534,0.0,58.5,76.0,0.2715,1.1875,1.3613,1.0,0.7697,1141.3,2795.0,527.5438,0.4633,0.1733,0.4622,24.2836,7.0213,0.2891,49,29.0,1.0,44.3771,17.7586,0.4461,0.4002
exp2_19drivers_1car_1route.csv,6300,300,SLOW,0.53,0.6074,0.37,22.3401,79.0,0.0,22.5025,0.0,54.7,79.0,0.3491,1.2344,1.0073,1.0,0.6924,1227.7013,2589.0,500.9793,0.4984,0.1544,0.4081,25.7625,8.3781,0.3252,89,29.4,1.0,47.5178,23.0845,0.4777,0.4858
exp2_19drivers_1car_1route.csv,6450,300,AGGRESSIVE,0.67,0.6674,0.1033,37.8547,81.0,0.0,21.6548,0.0,62.0,81.0,0.5915,1.2656,0.5721,1.0,0.7654,1578.1577,2936.0,527.3612,0.6407,0.349,0.3342,29.084,9.8441,0.3385,123,58.8,1.0,50.8305,26.7454,0.511,0.5262
exp2_19drivers_1car_1route.csv,6600,300,AGGRESSIVE,0.61,0.6742,0.1167,39.2492,83.0,0.0,22.375,0.0,62.4,83.0,0.6133,1.2969,0.5701,1.0,0.7518,1622.097,3041.0,557.7792,0.6585,0.3946,0.3439,29.099,10.0823,0.3465,102,58.8,1.0,49.362,25.5302,0.4962,0.5172
exp2_19drivers_1car_1route.csv,6750,300,AGGRESSIVE,0.61,0.6553,0.09,36.6689,83.0,0.0,19.8318,3.0,59.0,83.0,0.573,1.2969,0.5408,0.9639,0.7108,1562.8361,3041.0,537.7929,0.6345,0.3077,0.3441,29.0187,10.1772,0.3507,124,56.9,1.0,49.4395,25.8909,0.497,0.5237
exp2_19drivers_1car_1route.csv,6900,300,SLOW,0.53,0.6466,0.0633,34.5036,72.0,0.0,17.2207,6.4,53.0,72.0,0.5391,1.125,0.4991,0.9111,0.7361,1608.62,2911.0,557.995,0.653,0.3633,0.3469,28.9261,8.9929,0.3109,135,56.9,1.0,49.0634,25.5173,0.4932,0.5201
exp2_19drivers_1car_1route.csv,7050,300,NORMAL,0.59,0.6417,0.2033,28.751,71.0,0.0,21.9508,0.0,56.0,71.0,0.4492,1.1094,0.7635,1.0,0.7887,1504.6555,3136.0,625.4122,0.6108,0.3746,0.4157,27.4923,6.2464,0.2272,101,34.9,1.0,49.9282,24.0442,0.5019,0.4816
exp2_19drivers_1car_1route.csv,7200,300,NORMAL,0.53,0.6262,0.2533,24.2588,71.0,0.0,22.3509,0.0,55.6,71.0,0.379,1.1094,0.9214,1.0,0.7831,1391.9097,3136.0,593.8049,0.5651,0.2809,0.4266,26.4255,5.6724,0.2147,78,19.6,1.0,48.7857,22.8348,0.4904,0.4681
exp2_19drivers_1car_1route.csv,7350,300,NORMAL,0.53,0.6144,0.14,28.0075,63.0,0.0,18.7761,0.0,53.0,63.0,0.4376,0.9844,0.6704,1.0,0.8413,1419.53,2888.0,582.6243,0.5763,0.2633,0.4104,26.7453,6.0074,0.2246,101,36.5,1.0,46.6843,24.4432,0.4693,0.5236
exp2_19drivers_1car_1route.csv,7500,300,SLOW,0.53,0.6211,0.0767,32.8702,63.0,0.0,17.4497,5.4,53.0,63.0,0.5136,0.9844,0.5309,0.9143,0.8413,1449.8395,3570.0,557.3498,0.5886,0.2274,0.3844,27.4074,6.6837,0.2439,118,36.5,1.0,46.005,23.8816,0.4625,0.5191
exp2_19drivers_1car_1route.csv,7650,300,NORMAL,0.53,0.6301,0.1367,32.5666,67.0,0.0,19.6805,0.0,54.8,67.0,0.5089,1.0469,0.6043,1.0,0.8179,1499.1271,3570.0,631.2278,0.6086,0.2475,0.4211,26.5528,6.4719,0.2437,96,32.6,1.0,44.929,20.8217,0.4516,0.4634
exp2_19drivers_1car_1route.csv,7800,300,SLOW,0.53,0.6055,0.2933,24.381,67.0,0.0,21.2296,0.0,51.7,67.0,0.381,1.0469,0.8707,1.0,0.7716,1349.0533,3393.0,662.0926,0.5477,0.2133,0.4908,24.8044,5.3343,0.2151,67,21.9,1.0,42.9346,17.1617,0.4316,0.3997
exp2_19drivers_1car_1route.csv,7950,300,SLOW,0.53,0.5926,0.3467,20.1638,63.0,0.0,20.0892,0.0,47.8,63.0,0.3151,0.9844,0.9963,1.0,0.7587,1266.38,3751.0,654.4331,0.5141,0.2067,0.5168,24.2669,5.1896,0.2139,69,18.4,1.0,42.6148,15.5531,0.4284,0.365
exp3_4drivers_1car_1route.csv,0,300,SLOW,0.3,0.3229,0.06,27.4563,42.0,0.0,10.9149,9.0,37.0,42.0,0.2768,0.4234,0.3975,0.7857,0.881,1236.55,2106.0,291.2387,0.2952,0.0,0.2355,24.6044,4.4594,0.1812,71,14.1,0.2999,40.065,17.056,0.4006,0.4257
exp3_4drivers_1car_1route.csv,150,300,SLOW,0.3,0.3203,0.2067,19.8233,40.0,0.0,14.5066,0.0,36.5,40.0,0.1998,0.4032,0.7318,1.0,0.9125,1111.0033,1944.0,317.6901,0.2652,0.0,0.2859,23.3643,4.0146,0.1718,43,12.1,0.2573,39.6827,14.3645,0.3968,0.362
exp3_4drivers_1car_1route.csv,300,300,SLOW,0.3,0.3238,0.17,19.7159,48.0,0.0,13.253,0.0,35.0,48.0,0.1987,0.4839,0.6722,1.0,0.7292,1077.6233,2061.0,283.6449,0.2573,0.0,0.2632,23.7471,4.0364,0.17,47,13.8,0.2935,41.936,15.2316,0.4194,0.3632
exp3_4drivers_1car_1route.csv,450,300,SLOW,0.45,0.5005,0.0367,35.1541,59.0,0.0,14.5397,16.0,54.0,59.0,0.3544,0.5948,0.4136,0.7288,0.9153,1384.3567,2449.0,375.4183,0.3305,0.0,0.2712,26.7519,6.7211,0.2512,101,46.7,0.9932,44.663,21.6546,0.4466,0.4848
exp3_4drivers_1car_1route.csv,600,300,SLOW,0.45,0.5259,0.14,37.5068,62.0,0.0,19.6702,0.0,56.0,62.0,0.3781,0.625,0.5244,1.0,0.9032,1465.1867,2449.0,404.0349,0.3498,0.0,0.2758,27.1144,7.1871,0.2651,102,46.7,0.9932,46.4013,24.9613,0.464,0.5379
exp3_4drivers_1car_1route.csv,750,300,SLOW,0.45,0.5353,0.1367,38.7568,80.0,0.0,21.2925,0.0,59.0,80.0,0.3907,0.8065,0.5494,1.0,0.7375,1448.0467,2882.0,417.8578,0.3457,0.0,0.2886,27.763,9.0574,0.3262,84,55.3,1.0,48.1107,25.2185,0.4811,0.5242
exp3_4drivers_1car_1route.csv,900,300,SLOW,0.51,0.5702,0.0567,48.7643,81.0,0.0,20.0523,20.6,72.0,81.0,0.4916,0.8165,0.4112,0.7457,0.8889,1772.7433,3553.0,542.8358,0.4232,0.0067,0.3062,30.2311,11.0976,0.3671,115,56.4,1.0,50.199,28.606,0.502,0.5699
exp3_4drivers_1car_1route.csv,1050,300,SLOW,0.51,0.5819,0.1433,45.5537,81.0,0.0,25.2301,0.0,74.0,81.0,0.4592,0.8165,0.5539,1.0,0.9136,1846.7533,3553.0,654.8589,0.4409,0.01,0.3546,30.5268,12.3051,0.4031,130,58.0,1.0,50.7282,30.4435,0.5073,0.6001
exp3_4drivers_1car_1route.csv,1200,300,NORMAL,0.59,0.6125,0.1433,46.5661,111.0,0.0,29.2308,0.0,79.0,111.0,0.4694,1.119,0.6277,1.0,0.7117,2104.6167,5662.0,1035.8768,0.5024,0.1633,0.4922,35.5444,19.7825,0.5566,145,65.5,1.0,53.3903,32.881,0.5339,0.6159
exp3_4drivers_1car_1route.csv,1350,300,AGGRESSIVE,0.67,0.7309,0.0733,67.6599,159.0,0.0,41.3362,4.9,131.4,159.0,0.6821,1.6028,0.6109,0.9692,0.8264,2944.755,5713.0,1358.4945,0.703,0.4866,0.4613,46.0389,25.6127,0.5563,155,66.2,1.0,61.778,35.8795,0.6178,0.5808
